<!DOCTYPE struts PUBLIC
"-//Apache Software Foundation//DTD Struts Configuration 2.0//EN"
"http://struts.apache.org/dtds/struts-2.0.dtd">

<struts>
    <constant name="struts.ui.theme" value="simple" />
    <constant name="struts.enable.DynamicMethodInvocation" value="true" />
    
    <!-- 
   Creater : Hanv
   Date-begin: 3-12-2013
    <constant name="struts.objectFactory" value="spring" />
    <constant name="struts.devMode" value="true" />
   
    -->
    
    <package name="default" extends="struts-default">
        
        
        <action name="printlistAccount">
            <result>/InfoManagement/PrintListAccount.jsp </result>               
        </action>
        <action name="settings">
            <result>/LoginManagement/settings.jsp</result>
        </action>
        <action name="doimatkhau" class="LoginManagement.SettingsAction" method="doimatkhau">
            <result name="success">/LoginManagement/settings.jsp?section=matkhau</result>
            <result name="error">/LoginManagement/settings.jsp?section=matkhau</result>
            <result name="input">/LoginManagement/settings.jsp?section=matkhau</result>
        </action>
        
        <action name="quanlynguoidung">
            <result>/InfoManagement/quanlynguoidung.jsp</result>
        </action> 
        <action name="themgiaovien" class="InfoManagement.AccountManagerAction" method="themgiaovien">
            <result name="success">/InfoManagement/quanlynguoidung.jsp?section=themgiaovien</result>
            <result name="error">/InfoManagement/quanlynguoidung.jsp?section=themgiaovien </result>
            <result name="input">/InfoManagement/quanlynguoidung.jsp?section=themgiaovien </result>
            
        </action>
        <action name="capnhattaikhoan" class="InfoManagement.AccountManagerAction" method="capnhattaikhoan">
            <result name="success">/InfoManagement/quanlynguoidung.jsp?section=chinhsua</result>
            <result name="error">/InfoManagement/quanlynguoidung.jsp?section=chinhsua </result>
            <result name="input">/InfoManagement/quanlynguoidung.jsp?section=chinhsua </result>
            
        </action>
        <action name="khoiphucmatkhau" class="InfoManagement.AccountManagerAction" method="khoiphucmatkhau">
            <result name="success">/InfoManagement/quanlynguoidung.jsp?section=khoiphucmatkhau</result>
            <result name="error">/InfoManagement/quanlynguoidung.jsp?section=khoiphucmatkhau </result>
            <result name="input">/InfoManagement/quanlynguoidung.jsp?section=khoiphucmatkhau </result>
            
        </action>
        <action name="xoataikhoan"  class="InfoManagement.AccountManagerAction" method="xoataikhoan">
            
            <result name="success">/InfoManagement/quanlynguoidung.jsp?section=xoataikhoan</result>
            <result name="error">/InfoManagement/quanlynguoidung.jsp?section=xoataikhoan</result>
        </action>
        <action name="xuatfile" class="Servlet.ActionExcel" method="execute">
            
            <result name="success">/home.jsp</result>
            <result name="error">/1.jsp</result>
        </action>
    </package>
   
    
    
    <package name="LoginManagement" extends="struts-default">                
        <action name="login" class="LoginManagement.LoginAction" method="execute">
            <interceptor-ref name="tokenSession" />
            <interceptor-ref name="basicStack" />
            <result name="invalid.token">/Common/home.jsp</result>
            
            <result name="home">/Common/home.jsp</result>
            <result name="failure">/LoginManagement/login.jsp</result>            
        </action>
        
        <action name="logout" class="LoginManagement.LogoutAction" method="execute">
            <result name="logout">/LoginManagement/login.jsp</result>
        </action>
    </package>
    
    <package name="InfoManagement" extends="struts-default">
        <action name="student_profile" class="InfoManagement.StudentProfileAction" method="execute">
            <interceptor-ref name="tokenSession" />
            <interceptor-ref name="basicStack" />
            <result name="invalid.token">/Common/home.jsp</result>
            
            <result name="success">/InfoManagement/student_profile.jsp</result>
            <result name="failure">/InfoManagement/student_profile.jsp</result>
            <result name="home">/Common/home.jsp</result>
            <result name="remove">/test.jsp</result>
        </action>     
        
        <action name="showProfileDetail" class="InfoManagement.StudentProfileAction" method="showProfileDetail">
            <result name="success">/InfoManagement/student_profile.jsp</result>
        
        
        
        </action>
    </package>
    
    <package name="MarkManagement" extends="struts-default">
        <action name="update_mark" class="MarkManagement.UpdateMarkAction" method="updateMark">
            <interceptor-ref name="tokenSession" />
            <interceptor-ref name="basicStack" />
            <result name="invalid.token">/Common/home.jsp</result>
            
            <result name="success">/MarkManagement/update_mark.jsp</result>
        </action>        
        
        <action name="loadMarkUpdate" class="MarkManagement.UpdateMarkAction" method="loadSubjectList">
            <result name="success">/MarkManagement/update_mark.jsp</result>
        </action>
        
        <action name="loadClassList" class="MarkManagement.UpdateMarkAction" method="loadClassList">
            <result name="success">/MarkManagement/update_mark.jsp</result>
        </action>
        
        <action name="showMarkDetail" class="MarkManagement.UpdateMarkAction" method="showMarkDetail">
            <result name="success">/MarkManagement/update_mark.jsp</result>
        </action>     
        
        <action name="view_mark" class="MarkManagement.ViewMarkAction" method="execute">
            <result name="success">/MarkManagement/view_mark.jsp</result>
        </action>
        
        <action name="processSelectedClass" class="MarkManagement.ViewMarkAction" method="processSelectedClass">
            <result name="success">/MarkManagement/view_mark.jsp</result>            
        </action>
        
        <action name="processSelectedSemester" class="MarkManagement.ViewMarkAction" method="processSelectedSemester">
            <result name="success">/MarkManagement/view_mark.jsp</result>            
        </action>
        
        <action name="processSelectedSubject" class="MarkManagement.ViewMarkAction" method="processSelectedSubject">
            <result name="success">/MarkManagement/view_mark.jsp</result>            
        </action>
    </package>
</struts>
