<?xml version="1.0" encoding="UTF-8"?>
<project-private xmlns="http://www.netbeans.org/ns/project-private/1">
    <editor-bookmarks xmlns="http://www.netbeans.org/ns/editor-bookmarks/2" lastBookmarkId="0"/>
    <open-files xmlns="http://www.netbeans.org/ns/projectui-open-files/2">
        <group>
            <file>file:/D:/QuanLyDiemTHCS_W17/QuanLyDiemTHCS_W17/src/java/DAO/ClassDAO.java</file>
            <file>file:/D:/QuanLyDiemTHCS_W17/QuanLyDiemTHCS_W17/src/java/DAO/AccountBusiness.java</file>
            <file>file:/D:/QuanLyDiemTHCS_W17/QuanLyDiemTHCS_W17/src/java/DAO/DBconnect.java</file>
            <file>file:/D:/QuanLyDiemTHCS_W17/QuanLyDiemTHCS_W17/src/java/DAO/DBConnector.java</file>
            <file>file:/D:/QuanLyDiemTHCS_W17/QuanLyDiemTHCS_W17/src/java/DAO/AccountDB.java</file>
            <file>file:/D:/QuanLyDiemTHCS_W17/QuanLyDiemTHCS_W17/web/home.jsp</file>
            <file>file:/D:/QuanLyDiemTHCS_W17/QuanLyDiemTHCS_W17/src/java/InfoManagement/AccountManagerAction.java</file>
            <file>file:/D:/QuanLyDiemTHCS_W17/QuanLyDiemTHCS_W17/src/java/struts.xml</file>
        </group>
    </open-files>
</project-private>
